scientific_name,common_name,family,combined_red_list,combined_span_min,combined_span_max,estimated_dry_mass,months_to_adult
Triodia sylvina,Orange Swift,Hepialidae,LC,12.0,26.0,53.7,10
Korscheltellus lupulina,Common Swift,Hepialidae,LC,11.0,20.0,28.8,12
Korscheltellus fusconebulosa,Map-winged Swift,Hepialidae,LC,14.0,26.0,62.8,12
Phymatopus hecta,Gold Swift,Hepialidae,LC,12.0,16.0,21.1,12
Hepialus humuli,Ghost Moth,Hepialidae,LC,21.0,35.0,175.5,12
Cossus cossus,Goat Moth,Cossidae,LC,32.0,42.0,411.4,12
Zeuzera pyrina,Leopard Moth,Cossidae,LC,22.0,35.0,185.3,13
Phragmataecia castaneae,Reed Leopard,Cossidae,NT,15.0,23.0,53.7,12
Pennisetia hylaeiformis,Raspberry Clearwing,Sesiidae,LC,11.0,13.0,13.2,12
Sesia apiformis,Hornet Moth,Sesiidae,RE,17.0,21.0,53.7,12
Sesia bembeciformis,Lunar Hornet Moth,Sesiidae,LC,15.0,19.0,38.2,13
Paranthrene tabaniformis,Dusky Clearwing,Sesiidae,RE,13.0,14.0,18.9,0
Synanthedon scoliaeformis,Welsh Clearwing,Sesiidae,VU,12.0,15.0,18.9,12
Synanthedon spheciformis,White-barred Clearwing,Sesiidae,LC,12.0,14.0,16.8,12
Synanthedon culiciformis,Large Red-belted Clearwing,Sesiidae,LC,12.0,14.0,16.8,11
Synanthedon formicaeformis,Red-tipped Clearwing,Sesiidae,LC,9.0,11.0,7.5,12
Synanthedon flaviventris,Sallow Clearwing,Sesiidae,LC,8.0,9.0,4.6,12
Synanthedon andrenaeformis,Orange-tailed Clearwing,Sesiidae,LC,9.0,11.0,7.5,12
Synanthedon myopaeformis,Red-belted Clearwing,Sesiidae,LC,9.0,11.0,7.5,10
Synanthedon vespiformis,Yellow-legged Clearwing,Sesiidae,LC,10.0,12.0,10.1,11
Synanthedon tipuliformis,Currant Clearwing,Sesiidae,LC,8.0,10.0,5.5,10
Bembecia ichneumoniformis,Six-belted Clearwing,Sesiidae,LC,9.0,12.0,8.8,12
Pyropteron chrysidiformis,Fiery Clearwing,Sesiidae,EN,9.0,12.0,8.8,10
Pyropteron muscaeformis,Thrift Clearwing,Sesiidae,CR,6.0,8.0,2.5,10
Apoda limacodes,Festoon,Limacodidae,LC,10.0,13.0,11.6,3
Heterogenea asella,Triangle,Limacodidae,LC,5.0,11.0,3.8,4
Jordanita globulariae,Scarce Forester,Zygaenidae,NT,10.0,15.0,14.9,11
Adscita statices,Forester,Zygaenidae,EN,11.0,15.0,16.8,11
Adscita geryon,Cistus Forester,Zygaenidae,LC,9.0,12.0,8.8,11
Zygaena purpuralis,Transparent Burnet,Zygaenidae,LC,14.0,16.0,26.1,11
Zygaena loti,Slender Scotch Burnet,Zygaenidae,EN,14.0,16.0,26.1,11
Zygaena exulans,Scotch Burnet or Mountain Burnet,Zygaenidae,NT,10.0,16.0,16.8,12
Zygaena viciae,New Forest Burnet,Zygaenidae,CR,12.0,14.0,16.8,12
Zygaena filipendulae,Six-spot Burnet,Zygaenidae,LC,15.0,19.0,38.2,12
Zygaena lonicerae,Narrow-bordered Five-spot Burnet,Zygaenidae,VU,15.0,19.0,38.2,12
Zygaena trifolii,Five-spot Burnet,Zygaenidae,LC,14.0,19.0,34.9,12
Papilio machaon,Swallowtail,Papilionidae,NT,76.0,93.0,,2
Erynnis tages,Dingy Skipper,Hesperiidae,VU,27.0,34.0,,12
Pyrgus malvae,Grizzled Skipper,Hesperiidae,VU,23.0,29.0,,5
Carterocephalus palaemon,Chequered Skipper,Hesperiidae,EN,29.0,31.0,,9
Thymelicus lineola,Essex Skipper,Hesperiidae,LC,26.0,30.0,,4
Thymelicus sylvestris,Small Skipper,Hesperiidae,LC,27.0,34.0,,10
Thymelicus acteon,Lulworth Skipper,Hesperiidae,NT,24.0,28.0,,10
Hesperia comma,Silver-spotted Skipper,Hesperiidae,NT,29.0,37.0,,5
Ochlodes sylvanus,Large Skipper,Hesperiidae,LC,29.0,36.0,,12
Leptidea sinapis,Wood White,Pieridae,EN,42.0,42.0,,4
Leptidea juvernica,Cryptic Wood White,Pieridae,LC,42.0,42.0,,2
Anthocharis cardamines,Orange-tip,Pieridae,LC,40.0,53.0,,3
Aporia crataegi,Black-veined White,Pieridae,LC,,,,0
Pieris brassicae,Large White,Pieridae,LC,58.0,63.0,,10
Pieris rapae,Small White,Pieridae,LC,38.0,57.0,,8
Pieris napi,Green-veined White,Pieridae,LC,40.0,52.0,,8
Pontia daplidice,Bath White,Pieridae,LC,,,,0
Colias crocea,Clouded Yellow,Pieridae,LC,52.0,62.0,,6
Colias hyale,Pale Clouded Yellow,Pieridae,LC,,,,0
Colias alfacariensis,Berger's Clouded Yellow,Pieridae,LC,,,,0
Gonepteryx rhamni,Brimstone,Pieridae,LC,60.0,74.0,,3
Danaus plexippus,Monarch or Milkweed,Nymphalidae,LC,,,,0
Lasiommata megera,Wall,Nymphalidae,EN,45.0,53.0,,12
Pararge aegeria,Speckled Wood,Nymphalidae,LC,46.0,52.0,,13
Coenonympha tullia,Large Heath,Nymphalidae,VU,35.0,40.0,,11
Coenonympha pamphilus,Small Heath,Nymphalidae,NT,29.0,33.0,,12
Erebia epiphron,Mountain Ringlet,Nymphalidae,RE,28.0,38.0,,11
Erebia aethiops,Scotch Argus,Nymphalidae,LC,39.0,52.0,,12
Aphantopus hyperantus,Ringlet,Nymphalidae,LC,42.0,52.0,,12
Maniola jurtina,Meadow Brown,Nymphalidae,LC,49.0,56.0,,13
Pyronia tithonus,Gatekeeper,Nymphalidae,NT,37.0,43.0,,12
Melanargia galathea,Marbled White,Nymphalidae,LC,53.0,58.0,,12
Hipparchia semele,Grayling,Nymphalidae,VU,48.0,62.0,,10
Boloria euphrosyne,Pearl-bordered Fritillary,Nymphalidae,EN,38.0,47.0,,11
Boloria selene,Small Pearl-bordered Fritillary,Nymphalidae,NT,35.0,44.0,,11
Issoria lathonia,Queen of Spain Fritillary,Nymphalidae,LC,,,,0
Argynnis paphia,Silver-washed Fritillary,Nymphalidae,LC,69.0,80.0,,11
Speyeria aglaja,Dark Green Fritillary,Nymphalidae,VU,64.0,70.0,,11
Fabriciana adippe,High Brown Fritillary,Nymphalidae,CR,55.0,69.0,,3
Limenitis camilla,White Admiral,Nymphalidae,VU,56.0,66.0,,11
Apatura iris,Purple Emperor,Nymphalidae,NT,70.0,78.0,,12
Vanessa atalanta,Red Admiral,Nymphalidae,LC,64.0,78.0,,8
Vanessa cardui,Painted Lady,Nymphalidae,LC,58.0,74.0,,7
Aglais io,Peacock,Nymphalidae,LC,63.0,75.0,,3
Aglais urticae,Small Tortoiseshell,Nymphalidae,LC,45.0,62.0,,5
Nymphalis antiopa,Camberwell Beauty,Nymphalidae,LC,,,,0
Nymphalis polychloros,Large Tortoiseshell,Nymphalidae,RE,,,,0
Nymphalis xanthomelas,Scarce Tortoiseshell,Nymphalidae,LC,,,,0
Polygonia c-album,Comma,Nymphalidae,LC,50.0,64.0,,6
Euphydryas aurinia,Marsh Fritillary,Nymphalidae,VU,30.0,50.0,,10
Melitaea cinxia,Glanville Fritillary,Nymphalidae,EN,38.0,52.0,,12
Melitaea athalia,Heath Fritillary,Nymphalidae,EN,39.0,47.0,,12
Hamearis lucina,Duke of Burgundy,Riodinidae,EN,29.0,34.0,,3
Lycaena phlaeas,Small Copper,Lycaenidae,LC,26.0,40.0,,13
Lycaena dispar,Large Copper,Lycaenidae,RE,,,,0
Thecla betulae,Brown Hairstreak,Lycaenidae,VU,36.0,45.0,,4
Favonius quercus,Purple Hairstreak,Lycaenidae,LC,31.0,40.0,,4
Callophrys rubi,Green Hairstreak,Lycaenidae,LC,27.0,34.0,,4
Satyrium w-album,White-letter Hairstreak,Lycaenidae,EN,25.0,36.0,,5
Satyrium pruni,Black Hairstreak,Lycaenidae,EN,34.0,40.0,,5
Lampides boeticus,Long-tailed Blue,Lycaenidae,LC,,,,2
Leptotes pirithous,Lang's Short-tailed Blue,Lycaenidae,LC,,,,0
Cupido minimus,Small Blue,Lycaenidae,EN,18.0,27.0,,11
Cupido argiades,Short-tailed Blue,Lycaenidae,LC,,,,0
Celastrina argiolus,Holly Blue,Lycaenidae,LC,26.0,34.0,,6
Phengaris arion,Large Blue,Lycaenidae,CR,42.0,52.0,,11
Plebejus argus,Silver-studded Blue,Lycaenidae,VU,25.0,32.0,,5
Aricia agestis,Brown Argus,Lycaenidae,LC,25.0,31.0,,11
Aricia artaxerxes,Northern Brown Argus,Lycaenidae,VU,25.0,31.0,,12
Cyaniris semiargus,Mazarine Blue,Lycaenidae,RE,,,,0
Polyommatus icarus,Common Blue,Lycaenidae,LC,29.0,36.0,,13
Lysandra bellargus,Adonis Blue,Lycaenidae,NT,30.0,40.0,,10
Lysandra coridon,Chalk Hill Blue,Lycaenidae,NT,33.0,40.0,,4
Falcaria lacertinaria,Scalloped Hook-tip,Drepanidae,LC,14.0,18.0,31.7,5
Watsonalla binaria,Oak Hook-tip,Drepanidae,VU,13.0,18.0,28.8,5
Watsonalla cultraria,Barred Hook-tip,Drepanidae,LC,12.0,17.0,23.5,5
Drepana curvatula,Dusky Hook-tip,Drepanidae,LC,16.0,21.0,49.5,0
Drepana falcataria,Pebble Hook-tip,Drepanidae,LC,17.0,21.0,53.7,3
Sabra harpagula,Scarce Hook-tip,Drepanidae,NT,17.0,20.0,49.5,3
Cilix glaucata,Chinese Character,Drepanidae,LC,10.0,13.0,11.6,6
Thyatira batis,Peach Blossom,Drepanidae,LC,16.0,19.0,41.7,3
Habrosyne pyritoides,Buff Arches,Drepanidae,LC,17.0,20.0,49.5,5
Tethea ocularis,Figure of Eighty,Drepanidae,LC,16.0,20.0,45.5,3
Tethea or,Poplar Lutestring,Drepanidae,NT,16.0,19.0,41.7,5
Tetheella fluctuosa,Satin Lutestring,Drepanidae,LC,17.0,21.0,53.7,5
Ochropacha duplaris,Common Lutestring,Drepanidae,LC,14.0,18.0,31.7,5
Cymatophorina diluta,Oak Lutestring,Drepanidae,EN,15.0,17.0,31.7,3
Polyploca ridens,Frosted Green,Drepanidae,NT,15.0,17.0,31.7,3
Achlya flavicornis,Yellow Horned,Drepanidae,LC,17.0,20.0,49.5,3
Poecilocampa populi,December Moth,Lasiocampidae,LC,15.0,22.0,49.5,3
Trichiura crataegi,Pale Eggar,Lasiocampidae,VU,14.0,17.0,28.8,3
Malacosoma neustria,Lackey,Lasiocampidae,VU,13.0,21.0,38.2,4
Malacosoma castrensis,Ground Lackey,Lasiocampidae,LC,13.0,21.0,38.2,4
Eriogaster lanestris,Small Eggar,Lasiocampidae,NT,15.0,21.0,45.5,4
Lasiocampa trifolii,Grass Eggar,Lasiocampidae,LC,21.0,30.0,131.9,5
Lasiocampa quercus,Oak Eggar / Northern Eggar,Lasiocampidae,LC,25.0,40.0,276.8,13
Macrothylacia rubi,Fox Moth,Lasiocampidae,LC,22.0,31.0,148.3,11
Dendrolimus pini,Pine-tree Lappet,Lasiocampidae,NT,29.0,42.0,362.5,12
Euthrix potatoria,Drinker,Lasiocampidae,LC,21.0,35.0,175.5,12
Phyllodesma ilicifolia,Small Lappet,Lasiocampidae,RE,18.0,20.0,53.7,0
Gastropacha quercifolia,Lappet,Lasiocampidae,EN,28.0,42.0,347.1,11
Endromis versicolora,Kentish Glory,Endromidae,NT,27.0,39.0,290.0,4
Saturnia pavonia,Emperor Moth,Saturniidae,LC,27.0,41.0,317.7,4
Mimas tiliae,Lime Hawk-moth,Sphingidae,LC,23.0,39.0,239.6,4
Smerinthus ocellata,Eyed Hawk-moth,Sphingidae,LC,36.0,44.0,522.0,5
Laothoe populi,Poplar Hawk-moth,Sphingidae,LC,30.0,46.0,446.3,5
Agrius convolvuli,Convolvulus Hawk-moth,Sphingidae,NE,50.0,55.0,1198.5,5
Acherontia atropos,Death's-head Hawk-moth,Sphingidae,NE,52.0,60.0,1459.8,4
Sphinx ligustri,Privet Hawk-moth,Sphingidae,LC,41.0,55.0,911.4,3
Sphinx pinastri,Pine Hawk-moth,Sphingidae,LC,35.0,41.0,446.3,5
Hemaris tityus,Narrow-bordered Bee Hawk-moth,Sphingidae,LC,18.0,21.0,58.1,4
Hemaris fuciformis,Broad-bordered Bee Hawk-moth,Sphingidae,LC,20.0,24.0,84.0,3
Macroglossum stellatarum,Humming-bird Hawk-moth,Sphingidae,LC,20.0,24.0,84.0,5
Daphnis nerii,Oleander Hawk-moth,Sphingidae,NE,48.0,51.0,1001.2,0
Proserpinus proserpina,Willowherb Hawk-moth,Sphingidae,LC,18.0,21.0,58.1,0
Hyles euphorbiae,Spurge Hawk-moth,Sphingidae,LC,28.0,31.0,205.9,2
Hyles gallii,Bedstraw Hawk-moth,Sphingidae,VU,34.0,38.0,378.3,3
Hyles livornica,Striped Hawk-moth,Sphingidae,NE,33.0,42.0,428.6,5
Deilephila elpenor,Elephant Hawk-moth,Sphingidae,LC,28.0,33.0,227.9,4
Deilephila porcellus,Small Elephant Hawk-moth,Sphingidae,LC,21.0,25.0,96.2,4
Hippotion celerio,Silver-striped Hawk-moth,Sphingidae,NE,33.0,35.0,317.7,1
Idaea serpentata,Ochraceous Wave,Geometridae,LC,10.0,11.0,3.9,0
Idaea muricata,Purple-bordered Gold,Geometridae,EN,8.0,10.0,2.6,11
Idaea ochrata,Bright Wave,Geometridae,NT,10.0,12.0,4.4,11
Idaea rusticata,Least Carpet,Geometridae,LC,9.0,11.0,3.4,13
Idaea dilutaria,Silky Wave,Geometridae,NT,8.0,10.0,2.6,10
Idaea fuscovenosa,Dwarf Cream Wave,Geometridae,LC,9.0,11.0,3.4,10
Idaea humiliata,Isle of Wight Wave,Geometridae,RE,9.0,10.0,3.0,0
Idaea seriata,Small Dusty Wave,Geometridae,LC,9.0,11.0,3.4,11
Idaea subsericeata,Satin Wave,Geometridae,LC,10.0,12.0,4.4,10
Idaea sylvestraria,Dotted Border Wave,Geometridae,LC,10.0,11.0,3.9,11
Idaea dimidiata,Single-dotted Wave,Geometridae,LC,9.0,11.0,3.4,11
Idaea trigeminata,Treble Brown Spot,Geometridae,LC,10.0,11.0,3.9,10
Idaea biselata,Small Fan-footed Wave,Geometridae,LC,10.0,11.0,3.9,11
Idaea contiguaria,Weaver's Wave,Geometridae,NT,9.0,11.0,3.4,10
Idaea emarginata,Small Scallop,Geometridae,LC,11.0,13.0,5.5,11
Idaea aversata,Riband Wave,Geometridae,LC,14.0,16.0,9.7,12
Idaea degeneraria,Portland Ribbon Wave,Geometridae,LC,13.0,15.0,8.1,11
Idaea straminata,Plain Wave,Geometridae,LC,13.0,15.0,8.1,10
Scopula immorata,Lewes Wave,Geometridae,RE,11.0,14.0,6.1,0
Scopula nigropunctata,Sub-angled Wave,Geometridae,EN,14.0,16.0,9.7,10
Scopula ornata,Lace Border,Geometridae,LC,12.0,13.0,6.1,11
Scopula rubiginata,Tawny Wave,Geometridae,LC,9.0,11.0,3.4,11
Scopula marginepunctata,Mullein Wave,Geometridae,LC,12.0,15.0,7.4,10
Scopula imitaria,Small Blood-vein,Geometridae,LC,13.0,15.0,8.1,11
Scopula immutata,Lesser Cream Wave,Geometridae,LC,12.0,13.0,6.1,11
Scopula ternata,Smoky Wave,Geometridae,VU,12.0,15.0,7.4,10
Scopula floslactata,Cream Wave,Geometridae,LC,13.0,16.0,8.9,10
Scopula emutaria,Rosy Wave,Geometridae,LC,11.0,13.0,5.5,10
Timandra comae,Blood-Vein,Geometridae,LC,15.0,18.0,12.4,9
Cyclophora pendularia,Dingy Mocha,Geometridae,NT,12.0,14.0,6.7,5
Cyclophora annularia,Mocha,Geometridae,LC,11.0,14.0,6.1,5
Cyclophora albipunctata,Birch Mocha,Geometridae,LC,12.0,14.0,6.7,6
Cyclophora puppillaria,Blair's Mocha,Geometridae,LC,12.0,15.0,7.4,0
Cyclophora ruficiliaria,Jersey Mocha,Geometridae,LC,12.0,16.0,8.1,0
Cyclophora porata,False Mocha,Geometridae,LC,12.0,14.0,6.7,2
Cyclophora punctaria,Maiden's Blush,Geometridae,EN,13.0,16.0,8.9,4
Cyclophora linearia,Clay Triple-lines,Geometridae,LC,14.0,16.0,9.7,3
Rhodometra sacraria,Vestal,Geometridae,NE,12.0,14.0,6.7,0
Phibalapteryx virgata,Oblique Striped,Geometridae,LC,10.0,12.0,4.4,4
Scotopteryx mucronata,Lead Belle,Geometridae,VU,15.0,19.0,13.4,9
Scotopteryx luridata,July Belle,Geometridae,LC,15.0,19.0,13.4,10
Scotopteryx peribolata,Spanish Carpet,Geometridae,LC,13.0,15.0,8.1,9
Scotopteryx bipunctaria,Chalk Carpet,Geometridae,LC,15.0,18.0,12.4,11
Scotopteryx moeniata,Fortified Carpet,Geometridae,LC,17.0,22.0,19.0,1
Scotopteryx chenopodiata,Shaded Broad-bar,Geometridae,LC,16.0,19.0,14.4,12
Orthonama vittata,Oblique Carpet,Geometridae,LC,11.0,14.0,6.1,12
Nycterosea obstipata,Gem,Geometridae,NE,12.0,14.0,6.7,0
Xanthorhoe decoloraria,Red Carpet,Geometridae,EN,12.0,15.0,7.4,11
Xanthorhoe fluctuata,Garden Carpet,Geometridae,LC,13.0,16.0,8.9,9
Xanthorhoe biriviata,Balsam Carpet,Geometridae,LC,12.0,14.0,6.7,1
Xanthorhoe spadicearia,Red Twin-spot Carpet,Geometridae,LC,12.0,13.0,6.1,5
Xanthorhoe ferrugata,Dark-barred Twin-spot Carpet,Geometridae,NT,12.0,13.0,6.1,5
Xanthorhoe designata,Flame Carpet,Geometridae,LC,11.0,14.0,6.1,5
Xanthorhoe montanata,Silver-ground Carpet,Geometridae,LC,14.0,17.0,10.6,11
Xanthorhoe quadrifasiata,Large Twin-spot Carpet,Geometridae,LC,14.0,16.0,9.7,10
Catarhoe cuculata,Royal Mantle,Geometridae,VU,12.0,14.0,6.7,3
Catarhoe rubidata,Ruddy Carpet,Geometridae,LC,13.0,15.0,8.1,2
Costaconvexa polygrammata,Many-lined,Geometridae,RE,11.0,12.0,4.9,0
Camptogramma bilineata,Yellow Shell,Geometridae,NT,13.0,16.0,8.9,11
Epirrhoe tristata,Small Argent and Sable,Geometridae,VU,11.0,13.0,5.5,3
Epirrhoe alternata,Common Carpet,Geometridae,LC,13.0,14.0,7.4,5
Epirrhoe rivata,Wood Carpet,Geometridae,LC,14.0,16.0,9.7,4
Epirrhoe galiata,Galium Carpet,Geometridae,LC,13.0,15.0,8.1,4
Euphyia biangulata,Cloaked Carpet,Geometridae,LC,14.0,17.0,10.6,3
Euphyia unangulata,Sharp-angled Carpet,Geometridae,LC,13.0,15.0,8.1,4
Earophila badiata,Shoulder Stripe,Geometridae,LC,14.0,18.0,11.5,4
Anticlea derivata,Streamer,Geometridae,LC,14.0,16.0,9.7,3
Mesoleuca albicillata,Beautiful Carpet,Geometridae,LC,15.0,18.0,12.4,3
Pelurga comitata,Dark Spinach,Geometridae,VU,16.0,18.0,13.4,3
Larentia clavaria,Mallow,Geometridae,CR,19.0,22.0,21.6,4
Entephria flavicinctata,Yellow-ringed Carpet,Geometridae,CR,17.0,18.0,14.4,12
Entephria caesiata,Grey Mountain Carpet,Geometridae,NT,16.0,19.0,14.4,13
Spargania luctuata,White-banded Carpet,Geometridae,LC,14.0,15.0,8.9,3
Hydriomena furcata,July Highflier,Geometridae,LC,14.0,18.0,11.5,3
Hydriomena impluviata,May Highflier,Geometridae,LC,13.0,16.0,8.9,5
Hydriomena ruberata,Ruddy Highflier,Geometridae,LC,14.0,17.0,10.6,3
Pennithera firmata,Pine Carpet,Geometridae,LC,13.0,16.0,8.9,10
Thera cognata,Chestnut-coloured Carpet,Geometridae,LC,11.0,14.0,6.1,11
Thera britannica,Spruce Carpet,Geometridae,LC,13.0,17.0,9.7,9
Thera vetustata,Fir Carpet,Geometridae,LC,12.0,14.0,6.7,0
Thera obeliscata,Grey Pine Carpet,Geometridae,LC,13.0,17.0,9.7,12
Thera juniperata,Juniper Carpet,Geometridae,LC,11.0,14.0,6.1,3
Thera cupressata,Cypress Carpet,Geometridae,LC,12.0,15.0,7.4,10
Plemyria rubiginata,Blue-bordered Carpet,Geometridae,LC,12.0,15.0,7.4,3
Cidaria fulvata,Barred Yellow,Geometridae,LC,12.0,14.0,6.7,3
Electrophaes corylata,Broken-barred Carpet,Geometridae,LC,14.0,16.0,9.7,4
Cosmorhoe ocellata,Purple Bar,Geometridae,LC,13.0,15.0,8.1,11
Eustroma reticulata,Netted Carpet,Geometridae,EN,13.0,14.0,7.4,4
Eulithis prunata,Phoenix,Geometridae,LC,17.0,19.0,15.5,4
Eulithis testata,Chevron,Geometridae,LC,13.0,19.0,11.5,3
Eulithis populata,Northern Spinach,Geometridae,LC,13.0,18.0,10.6,4
Eulithis mellinata,Spinach,Geometridae,VU,16.0,18.0,13.4,2
Gandaritis pyraliata,Barred Straw,Geometridae,LC,15.0,18.0,12.4,3
Ecliptopera silaceata,Small Phoenix,Geometridae,LC,13.0,17.0,9.7,8
Chloroclysta siterata,Red-Green Carpet,Geometridae,LC,14.0,17.0,10.6,3
Chloroclysta miata,Autumn Green Carpet,Geometridae,LC,15.0,17.0,11.5,3
Dysstroma truncata,Common Marbled Carpet / Arran Carpet,Geometridae,LC,14.0,19.0,12.4,13
Dysstroma citrata,Dark Marbled Carpet,Geometridae,LC,14.0,19.0,12.4,12
Colostygia olivata,Beech-green Carpet,Geometridae,EN,13.0,15.0,8.1,10
Colostygia pectinataria,Green Carpet,Geometridae,LC,12.0,15.0,7.4,13
Colostygia multistrigaria,Mottled Grey,Geometridae,LC,13.0,17.0,9.7,2
Coenotephria salicata,Striped Twin-spot Carpet,Geometridae,LC,12.0,15.0,7.4,3
Lampropteryx suffumata,Water Carpet,Geometridae,LC,14.0,17.0,10.6,2
Lampropteryx otregiata,Devon Carpet,Geometridae,LC,12.0,14.0,6.7,4
Operophtera fagata,Northern Winter Moth,Geometridae,LC,14.0,18.0,11.5,3
Operophtera brumata,Winter Moth,Geometridae,LC,13.0,16.0,8.9,3
Epirrita dilutata,November Moth,Geometridae,LC,15.0,20.0,14.4,3
Epirrita christyi,Pale November Moth,Geometridae,LC,15.0,20.0,14.4,3
Epirrita autumnata,Autumnal Moth,Geometridae,LC,16.0,20.0,15.5,3
Epirrita filigrammaria,Small Autumnal Moth,Geometridae,VU,14.0,18.0,11.5,2
Asthena albulata,Small White Wave,Geometridae,LC,9.0,11.0,3.4,3
Euchoeca nebulata,Dingy Shell,Geometridae,LC,9.0,12.0,3.9,4
Hydrelia sylvata,Waved Carpet,Geometridae,LC,11.0,13.0,5.5,3
Hydrelia flammeolaria,Small Yellow Wave,Geometridae,LC,9.0,11.0,3.4,3
Venusia cambrica,Welsh Wave,Geometridae,LC,13.0,15.0,8.1,4
Venusia blomeri,Blomer's Rivulet,Geometridae,LC,10.0,13.0,4.9,3
Minoa murinata,Drab Looper,Geometridae,LC,9.0,11.0,3.4,4
Philereme vetulata,Brown Scallop,Geometridae,LC,13.0,16.0,8.9,3
Philereme transversata,Dark Umber,Geometridae,LC,17.0,20.0,16.6,3
Rheumaptera hastata,Argent and Sable,Geometridae,VU,13.0,19.0,14.4,4
Hydria undulata,Scallop Shell,Geometridae,LC,16.0,19.0,14.4,3
Hydria cervinalis,Scarce Tissue,Geometridae,LC,19.0,22.0,21.6,2
Triphosa dubitata,Tissue,Geometridae,NT,19.0,22.0,21.6,3
Pareulype berberata,Barberry Carpet,Geometridae,RE,13.0,15.0,8.1,5
Coenocalpe lapidata,Slender-striped Rufous,Geometridae,RE,13.0,16.0,8.9,5
Horisme vitalbata,Small Waved Umber,Geometridae,LC,14.0,17.0,10.6,5
Horisme tersata,Fern,Geometridae,LC,14.0,18.0,11.5,4
Horisme radicaria,Cryptic Fern,Geometridae,LC,,,,0
Melanthia procellata,Pretty Chalk Carpet,Geometridae,LC,16.0,18.0,13.4,3
Anticollix sparsata,Dentated Pug,Geometridae,LC,11.0,13.0,5.5,3
Odezia atrata,Chimney Sweeper,Geometridae,VU,12.0,15.0,7.4,4
Mesotype didymata,Twin-spot Carpet,Geometridae,LC,11.0,15.0,6.7,4
Perizoma affinitata,Rivulet,Geometridae,LC,12.0,15.0,7.4,3
Perizoma alchemillata,Small Rivulet,Geometridae,LC,9.0,11.0,3.4,3
Perizoma bifaciata,Barred Rivulet,Geometridae,LC,9.0,11.0,3.4,4
Perizoma minorata,Heath Rivulet,Geometridae,VU,8.0,10.0,2.6,3
Perizoma blandiata,Pretty Pinion,Geometridae,LC,9.0,11.0,3.4,3
Perizoma albulata,Grass Rivulet,Geometridae,LC,10.0,12.0,4.4,3
Perizoma flavofasciata,Sandy Carpet,Geometridae,NT,11.0,14.0,6.1,3
Martania taeniata,Barred Carpet,Geometridae,LC,11.0,12.0,4.9,10
Gagitodes sagittata,Marsh Carpet,Geometridae,NT,13.0,17.0,9.7,2
Gymnoscelis rufifasciata,Double-striped Pug,Geometridae,LC,8.0,10.0,2.6,7
Chloroclystis v-ata,V-Pug,Geometridae,LC,8.0,11.0,3.0,6
Pasiphila chloerata,Sloe Pug,Geometridae,LC,9.0,10.0,3.0,3
Pasiphila rectangulata,Green Pug,Geometridae,LC,8.0,11.0,3.0,4
Pasiphila debiliata,Bilberry Pug,Geometridae,LC,9.0,11.0,3.4,3
Eupithecia haworthiata,Haworth's Pug,Geometridae,LC,8.0,9.0,2.3,2
Eupithecia tenuiata,Slender Pug,Geometridae,LC,8.0,10.0,2.6,3
Eupithecia inturbata,Maple Pug,Geometridae,EN,8.0,10.0,2.6,2
Eupithecia abietaria,Cloaked Pug,Geometridae,LC,11.0,15.0,6.7,3
Eupithecia linariata,Toadflax Pug,Geometridae,NT,9.0,10.0,3.0,3
Eupithecia pulchellata,Foxglove Pug,Geometridae,LC,10.0,12.0,4.4,3
Eupithecia ultimaria,Channel Islands Pug,Geometridae,LC,7.0,10.0,2.3,3
Eupithecia plumbeolata,Lead-coloured Pug,Geometridae,LC,9.0,10.0,3.0,3
Eupithecia pygmaeata,Marsh Pug,Geometridae,VU,8.0,9.0,2.3,2
Eupithecia venosata,Netted Pug,Geometridae,LC,10.0,14.0,5.5,2
Eupithecia abbreviata,Brindled Pug,Geometridae,LC,10.0,12.0,4.4,3
Eupithecia dodoneata,Oak-tree Pug,Geometridae,LC,8.0,11.0,3.0,3
Eupithecia pusillata,Juniper Pug,Geometridae,VU,9.0,11.0,3.4,5
Eupithecia phoeniceata,Cypress Pug,Geometridae,LC,10.0,11.0,3.9,9
Eupithecia tripunctaria,White-spotted Pug,Geometridae,NT,10.0,12.0,4.4,4
Eupithecia virgaureata,Golden-rod Pug,Geometridae,LC,10.0,11.0,3.9,3
Eupithecia tantillaria,Dwarf Pug,Geometridae,LC,9.0,11.0,3.4,3
Eupithecia lariciata,Larch Pug,Geometridae,NT,10.0,12.0,4.4,4
Eupithecia egenaria,Fletcher's Pug or Pauper Pug,Geometridae,LC,11.0,13.0,5.5,2
Eupithecia pimpinellata,Pimpinel Pug,Geometridae,LC,11.0,12.0,4.9,5
Eupithecia simpliciata,Plain Pug,Geometridae,VU,11.0,13.0,5.5,3
Eupithecia sinuosaria,Goosefoot Pug,Geometridae,LC,10.0,12.0,4.4,0
Eupithecia nanata,Narrow-winged Pug,Geometridae,LC,9.0,12.0,3.9,4
Eupithecia innotata,Angle-barred Pug / Ash Pug / Tamarisk Pug,Geometridae,LC,10.0,12.0,4.4,5
Eupithecia irriguata,Marbled Pug,Geometridae,LC,9.0,11.0,3.4,3
Eupithecia indigata,Ochreous Pug,Geometridae,LC,8.0,10.0,2.6,4
Eupithecia distinctaria,Thyme Pug,Geometridae,LC,8.0,10.0,2.6,3
Eupithecia centaureata,Lime-speck Pug,Geometridae,LC,10.0,12.0,4.4,7
Eupithecia insigniata,Pinion-spotted Pug,Geometridae,LC,10.0,12.0,4.4,3
Eupithecia trisignaria,Triple-spotted Pug,Geometridae,LC,10.0,11.0,3.9,4
Eupithecia intricata,Edinburgh Pug / Freyer's Pug / Mere's Pug,Geometridae,VU,12.0,13.0,6.1,2
Eupithecia satyrata,Satyr Pug,Geometridae,VU,9.0,13.0,4.4,4
Eupithecia extensaria,Scarce Pug,Geometridae,EN,11.0,13.0,5.5,3
Eupithecia absinthiata,Wormwood Pug / Ling Pug,Geometridae,LC,11.0,13.0,5.5,4
Eupithecia expallidata,Bleached Pug,Geometridae,LC,12.0,13.0,6.1,4
Eupithecia valerianata,Valerian Pug,Geometridae,LC,8.0,10.0,2.6,2
Eupithecia assimilata,Currant Pug,Geometridae,LC,9.0,12.0,3.9,6
Eupithecia vulgata,Common Pug,Geometridae,LC,10.0,12.0,4.4,6
Eupithecia exiguata,Mottled Pug,Geometridae,LC,11.0,12.0,4.9,4
Eupithecia denotata,Campanula Pug / Jasione Pug,Geometridae,VU,11.0,13.0,5.5,3
Eupithecia millefoliata,Yarrow Pug,Geometridae,LC,12.0,13.0,6.1,4
Eupithecia icterata,Tawny Speckled Pug,Geometridae,NT,11.0,13.0,5.5,4
Eupithecia succenturiata,Bordered Pug,Geometridae,VU,12.0,13.0,6.1,4
Eupithecia subumbrata,Shaded Pug,Geometridae,LC,10.0,12.0,4.4,3
Eupithecia subfuscata,Grey Pug,Geometridae,NT,10.0,12.0,4.4,4
Carsia sororiata,Manchester Treble-bar,Geometridae,CR,11.0,15.0,6.7,3
Aplocera plagiata,Treble-bar,Geometridae,LC,19.0,22.0,21.6,12
Aplocera efformata,Lesser Treble-bar,Geometridae,LC,16.0,19.0,14.4,11
Aplocera praeformata,Purple Treble-bar,Geometridae,LC,20.0,25.0,27.5,0
Chesias legatella,Streak,Geometridae,LC,17.0,19.0,15.5,2
Chesias rufata,Broom-tip,Geometridae,NT,14.0,16.0,9.7,3
Lithostege griseata,Grey Carpet,Geometridae,NT,14.0,16.0,9.7,3
Lobophora halterata,Seraphim,Geometridae,LC,12.0,15.0,7.4,2
Pterapherapteryx sexalata,Small Seraphim,Geometridae,LC,9.0,12.0,3.9,5
Acasis viretata,Yellow-barred Brindle,Geometridae,LC,10.0,14.0,5.5,4
Trichopteryx polycommata,Barred Tooth-striped,Geometridae,LC,14.0,17.0,10.6,3
Trichopteryx carpinata,Early Tooth-striped,Geometridae,LC,13.0,18.0,10.6,3
Archiearis parthenias,Orange Underwing,Geometridae,LC,16.0,19.0,14.4,3
Boudinotiana notha,Light Orange Underwing,Geometridae,LC,15.0,17.0,11.5,3
Abraxas grossulariata,Magpie Moth,Geometridae,LC,18.0,25.0,24.4,12
Abraxas sylvata,Clouded Magpie,Geometridae,LC,18.0,22.0,20.3,4
Lomaspilis marginata,Clouded Border,Geometridae,LC,11.0,14.0,6.1,3
Ligdia adustata,Scorched Carpet,Geometridae,LC,12.0,14.0,6.7,5
Stegania cararia,Ringed Border,Geometridae,LC,10.0,12.0,4.4,0
Stegania trimaculata,Dorset Cream Wave,Geometridae,LC,10.0,13.0,4.9,0
Macaria notata,Peacock Moth,Geometridae,LC,14.0,16.0,9.7,3
Macaria alternata,Sharp-angled Peacock,Geometridae,LC,13.0,15.0,8.1,1
Macaria signaria,Dusky Peacock,Geometridae,LC,13.0,14.0,7.4,2
Macaria liturata,Tawny-barred Angle,Geometridae,LC,14.0,17.0,10.6,5
Macaria wauaria,V-Moth,Geometridae,RE,14.0,17.0,10.6,3
Macaria carbonaria,Netted Mountain Moth,Geometridae,LC,10.0,11.0,3.9,3
Macaria brunneata,Rannoch Looper,Geometridae,LC,11.0,13.0,5.5,3
Chiasmia clathrata,Latticed Heath,Geometridae,NT,11.0,15.0,6.7,5
Chiasmia aestimaria,Tamarisk Peacock,Geometridae,LC,11.0,14.0,6.1,0
Isturgia limbaria,Frosted Yellow,Geometridae,RE,13.0,15.0,8.1,0
Cepphis advenaria,Little Thorn,Geometridae,LC,14.0,17.0,10.6,3
Petrophora chlorosata,Brown Silver-line,Geometridae,LC,15.0,18.0,12.4,4
Plagodis pulveraria,Barred Umber,Geometridae,LC,17.0,19.0,15.5,3
Plagodis dolabraria,Scorched Wing,Geometridae,LC,16.0,19.0,14.4,4
Pachycnemia hippocastanaria,Horse Chestnut,Geometridae,LC,14.0,16.0,9.7,3
Opisthograptis luteolata,Brimstone Moth,Geometridae,LC,14.0,21.0,14.4,13
Epione repandaria,Bordered Beauty,Geometridae,LC,13.0,16.0,8.9,3
Epione vespertaria,Dark Bordered Beauty,Geometridae,EN,12.0,14.0,6.7,3
Pseudopanthera macularia,Speckled Yellow,Geometridae,LC,13.0,15.0,8.1,3
Angerona prunaria,Orange Moth,Geometridae,LC,20.0,30.0,36.0,10
Apeira syringaria,Lilac Beauty,Geometridae,LC,19.0,22.0,21.6,11
Ennomos autumnaria,Large Thorn,Geometridae,NT,21.0,28.0,34.2,5
Ennomos quercinaria,August Thorn,Geometridae,LC,18.0,22.0,20.3,3
Ennomos alniaria,Canary-shouldered Thorn,Geometridae,LC,16.0,20.0,15.5,3
Ennomos fuscantaria,Dusky Thorn,Geometridae,NT,17.0,21.0,17.8,4
Ennomos erosaria,September Thorn,Geometridae,RE,17.0,21.0,17.8,4
Selenia dentaria,Early Thorn,Geometridae,LC,14.0,23.0,16.6,6
Selenia lunularia,Lunar Thorn,Geometridae,LC,16.0,22.0,17.8,3
Selenia tetralunaria,Purple Thorn,Geometridae,LC,17.0,23.0,20.3,6
Odontopera bidentata,Scalloped Hazel,Geometridae,LC,20.0,24.0,25.9,4
Crocallis elinguaria,Scalloped Oak,Geometridae,LC,18.0,22.0,20.3,5
Crocallis dardoinaria,Dusky Scalloped Oak,Geometridae,LC,18.0,24.0,23.0,7
Ourapteryx sambucaria,Swallow-tailed Moth,Geometridae,LC,22.0,30.0,39.8,11
Colotois pennaria,Feathered Thorn,Geometridae,LC,19.0,23.0,23.0,3
Alsophila aescularia,March Moth,Geometridae,LC,16.0,19.0,14.4,3
Apocheima hispidaria,Small Brindled Beauty,Geometridae,LC,15.0,17.0,11.5,3
Phigalia pilosaria,Pale Brindled Beauty,Geometridae,VU,19.0,24.0,24.4,3
Lycia hirtaria,Brindled Beauty,Geometridae,LC,19.0,23.0,23.0,3
Lycia lapponaria,Rannoch Brindled Beauty,Geometridae,LC,14.0,16.0,9.7,4
Lycia zonaria,Belted Beauty,Geometridae,LC,13.0,16.0,8.9,3
Biston strataria,Oak Beauty,Geometridae,LC,17.0,27.0,25.9,3
Biston betularia,Peppered Moth,Geometridae,LC,22.0,28.0,36.0,4
Agriopis leucophaearia,Spring Usher,Geometridae,LC,14.0,17.0,10.6,3
Agriopis aurantiaria,Scarce Umber,Geometridae,LC,17.0,21.0,17.8,4
Agriopis marginaria,Dotted Border,Geometridae,LC,16.0,20.0,15.5,3
Erannis defoliaria,Mottled Umber,Geometridae,VU,18.0,25.0,24.4,3
Menophra abruptaria,Waved Umber,Geometridae,LC,18.0,21.0,19.0,5
Peribatodes rhomboidaria,Willow Beauty,Geometridae,LC,17.0,24.0,21.6,12
Peribatodes umbraria,Olive-tree Beauty,Geometridae,LC,20.0,25.0,27.5,0
Peribatodes secundaria,Feathered Beauty,Geometridae,EN,17.0,20.0,16.6,11
Peribatodes ilicaria,Lydd Beauty,Geometridae,LC,16.0,20.0,15.5,0
Selidosema brunnearia,Bordered Grey,Geometridae,LC,16.0,22.0,17.8,11
Cleora cinctaria,Ringed Carpet,Geometridae,LC,16.0,20.0,15.5,4
Deileptenia ribeata,Satin Beauty,Geometridae,LC,18.0,26.0,25.9,11
Alcis repandata,Mottled Beauty,Geometridae,LC,19.0,26.0,27.5,10
Alcis jubata,Dotted Carpet,Geometridae,VU,13.0,16.0,8.9,12
Hypomecis roboraria,Great Oak Beauty,Geometridae,LC,23.0,32.0,45.9,10
Hypomecis punctinalis,Pale Oak Beauty,Geometridae,LC,22.0,26.0,32.4,2
Fagivorina arenaria,Speckled Beauty,Geometridae,RE,15.0,17.0,11.5,0
Ectropis sp.,Engrailed / Small Engrailed,Geometridae,LC,15.0,22.0,16.6,7
Paradarisa consonaria,Square Spot,Geometridae,LC,18.0,20.0,17.8,3
Parectropis similaria,Brindled White-spot,Geometridae,LC,17.0,20.0,16.6,3
Aethalura punctulata,Grey Birch,Geometridae,LC,13.0,16.0,8.9,3
Ematurga atomaria,Common Heath,Geometridae,LC,12.0,15.0,7.4,5
Bupalus piniaria,Bordered White,Geometridae,LC,17.0,19.0,15.5,5
Cabera pusaria,Common White Wave,Geometridae,LC,15.0,17.0,11.5,6
Cabera exanthemata,Common Wave,Geometridae,LC,14.0,16.0,9.7,5
Lomographa bimaculata,White-pinion Spotted,Geometridae,LC,13.0,14.0,7.4,3
Lomographa temerata,Clouded Silver,Geometridae,LC,13.0,15.0,8.1,3
Aleucis distinctata,Sloe Carpet,Geometridae,LC,13.0,14.0,7.4,3
Theria primaria,Early Moth,Geometridae,VU,14.0,17.0,10.6,2
Campaea margaritaria,Light Emerald,Geometridae,LC,18.0,26.0,25.9,11
Hylaea fasciaria,Barred Red,Geometridae,LC,17.0,21.0,17.8,10
Pungelaria capreolaria,Banded Pine Carpet,Geometridae,LC,16.0,18.0,13.4,0
Gnophos obfuscata,Scotch Annulet,Geometridae,LC,17.0,21.0,17.8,11
Gnophos dumetata,Irish Annulet,Geometridae,EN,18.0,20.0,17.8,4
Charissa obscurata,Annulet,Geometridae,LC,15.0,18.0,12.4,10
Cleorodes lichenaria,Brussels Lace,Geometridae,LC,14.0,18.0,11.5,11
Glacies coracina,Black Mountain Moth,Geometridae,LC,10.0,13.0,4.9,12
Pseudocoremia suavis,Common Forest Looper,Geometridae,LC,14.0,15.0,8.9,12
Siona lineata,Black-veined Moth,Geometridae,CR,19.0,22.0,21.6,11
Dyscia fagaria,Grey Scalloped Bar,Geometridae,NT,15.0,21.0,15.5,11
Aspitates gilvaria,Straw Belle,Geometridae,EN,15.0,18.0,12.4,11
Aspitates ochrearia,Yellow Belle,Geometridae,LC,12.0,16.0,8.1,12
Perconia strigillaria,Grass Wave,Geometridae,LC,15.0,20.0,14.4,10
Aplasta ononaria,Rest Harrow,Geometridae,NT,13.0,14.0,7.4,13
Pseudoterpna pruinata,Grass Emerald,Geometridae,LC,14.0,19.0,12.4,12
Pseudoterpna coronillaria,Jersey Emerald,Geometridae,LC,16.0,20.0,15.5,0
Geometra papilionaria,Large Emerald,Geometridae,LC,24.0,29.0,41.8,12
Comibaena bajularia,Blotched Emerald,Geometridae,LC,14.0,17.0,10.6,13
Thetidia smaragdaria,Essex Emerald,Geometridae,RE,14.0,17.0,10.6,1
Hemistola chrysoprasaria,Small Emerald,Geometridae,LC,17.0,20.0,16.6,13
Jodis lactearia,Little Emerald,Geometridae,LC,11.0,13.0,5.5,6
Thalera fimbrialis,Sussex Emerald,Geometridae,EN,15.0,16.0,10.6,11
Hemithea aestivaria,Common Emerald,Geometridae,LC,14.0,17.0,10.6,12
Chlorissa viridata,Small Grass Emerald,Geometridae,LC,11.0,13.0,5.5,3
Chlorissa cloraria,Southern Grass Emerald,Geometridae,LC,11.0,13.0,5.5,0
Thaumetopoea processionea,Oak Processionary,Notodontidae,LC,14.0,16.0,28.8,3
Thaumetopoea pityocampa,Pine Processionary,Notodontidae,LC,16.0,22.0,53.7,0
Cerura vinula,Puss Moth,Notodontidae,LC,29.0,38.0,303.6,4
Cerura erminea,Feline,Notodontidae,LC,27.0,33.0,216.7,0
Furcula furcula,Sallow Kitten,Notodontidae,LC,14.0,18.0,31.7,6
Furcula bicuspis,Alder Kitten,Notodontidae,LC,16.0,19.0,41.7,4
Furcula bifida,Poplar Kitten,Notodontidae,LC,16.0,22.0,53.7,4
Harpyia milhauseri,Tawny Prominent,Notodontidae,LC,21.0,24.0,90.0,0
Stauropus fagi,Lobster Moth,Notodontidae,LC,24.0,33.0,185.3,4
Drymonia dodonaea,Marbled Brown,Notodontidae,LC,17.0,20.0,49.5,4
Drymonia ruficornis,Lunar Marbled Brown,Notodontidae,LC,16.0,20.0,45.5,4
Notodonta dromedarius,Iron Prominent,Notodontidae,LC,18.0,24.0,72.9,6
Notodonta ziczac,Pebble Prominent,Notodontidae,LC,17.0,24.0,67.7,5
Notodonta torva,Large Dark Prominent,Notodontidae,LC,19.0,25.0,84.0,0
Notodonta tritophus,Three-humped Prominent,Notodontidae,LC,22.0,27.0,116.7,0
Peridea anceps,Great Prominent,Notodontidae,LC,23.0,32.0,166.1,4
Pheosia tremula,Swallow Prominent,Notodontidae,LC,22.0,28.0,124.1,6
Pheosia gnoma,Lesser Swallow Prominent,Notodontidae,LC,20.0,26.0,96.2,6
Leucodonta bicoloria,White Prominent,Notodontidae,RE,16.0,19.0,41.7,3
Pterostoma palpina,Pale Prominent,Notodontidae,LC,18.0,25.0,78.3,5
Ptilodon capucina,Coxcomb Prominent,Notodontidae,LC,17.0,22.0,58.1,6
Ptilodon cucullina,Maple Prominent,Notodontidae,LC,15.0,20.0,41.7,4
Odontosia carmelita,Scarce Prominent,Notodontidae,LC,18.0,21.0,58.1,3
Ptilophora plumigera,Plumed Prominent,Notodontidae,LC,16.0,19.0,41.7,3
Phalera bucephala,Buff-tip,Notodontidae,LC,22.0,34.0,175.5,4
Gluphisia crenata,Dusky Marbled Brown,Notodontidae,LC,14.0,15.0,23.5,0
Clostera curtula,Chocolate-tip,Notodontidae,LC,13.0,18.0,28.8,5
Clostera pigra,Small Chocolate-tip,Notodontidae,NT,11.0,14.0,14.9,7
Clostera anachoreta,Scarce Chocolate-tip,Notodontidae,VU,14.0,19.0,34.9,6
Scoliopteryx libatrix,Herald,Erebidae,LC,19.0,23.0,42.7,5
Rivula sericealis,Straw Dot,Erebidae,LC,13.0,15.0,15.8,11
Hypena proboscidalis,Snout,Erebidae,LC,15.0,19.0,25.4,12
Hypena rostralis,Buttoned Snout,Erebidae,LC,13.0,15.0,15.8,2
Hypena obesalis,Paignton Snout,Erebidae,LC,18.0,22.0,37.9,0
Hypena obsitalis,Bloxworth Snout,Erebidae,LC,15.0,17.0,21.9,5
Hypena lividalis,Chevron Snout,Erebidae,LC,10.0,13.0,9.7,0
Hypena crassalis,Beautiful Snout,Erebidae,LC,14.0,16.0,18.7,3
Arctornis l-nigrum,Black V Moth,Erebidae,RE,19.0,27.0,53.4,0
Leucoma salicis,White Satin,Erebidae,LC,18.0,27.0,50.6,12
Lymantria monacha,Black Arches,Erebidae,VU,18.0,28.0,53.4,3
Lymantria dispar,Gypsy Moth,Erebidae,NE,20.0,35.0,82.8,3
Euproctis chrysorrhoea,Brown-tail,Erebidae,LC,16.0,20.0,29.2,9
Euproctis similis,Yellow-tail,Erebidae,LC,16.0,23.0,35.6,11
Laelia coenosa,Reed Tussock,Erebidae,RE,16.0,21.0,31.3,1
Calliteara pudibunda,Pale Tussock,Erebidae,LC,21.0,21.0,72.1,3
Dicallomera fascelina,Dark Tussock,Erebidae,NT,18.0,28.0,53.4,12
Orgyia antiqua,Vapourer,Erebidae,LC,12.0,17.0,17.2,6
Orgyia recens,Scarce Vapourer,Erebidae,EN,13.0,17.0,18.7,11
Spilosoma lutea,Buff Ermine,Erebidae,LC,17.0,22.0,35.6,4
Spilosoma lubricipeda,White Ermine,Erebidae,LC,18.0,23.0,40.2,3
Spilosoma urticae,Water Ermine,Erebidae,LC,18.0,21.0,35.6,4
Hyphantria cunea,Autumn Webworm,Erebidae,LC,14.0,18.0,23.6,0
Diaphora mendica,Muslin Moth,Erebidae,LC,14.0,19.0,23.6,4
Diacrisia sannio,Clouded Buff,Erebidae,LC,17.0,22.0,35.6,10
Phragmatobia fuliginosa,Ruby Tiger,Erebidae,LC,14.0,19.0,23.6,12
Parasemia plantaginis,Wood Tiger,Erebidae,NT,17.0,20.0,31.3,12
Arctia caja,Garden Tiger,Erebidae,NT,28.0,37.0,124.8,12
Arctia villica,Cream-spot Tiger,Erebidae,LC,25.0,32.0,90.4,9
Hyphoraia testudinaria,Patton's Tiger,Erebidae,LC,17.0,22.0,35.6,0
Callimorpha dominula,Scarlet Tiger,Erebidae,LC,23.0,27.0,65.5,10
Euplagia quadripunctaria,Jersey Tiger,Erebidae,LC,28.0,33.0,106.8,9
Tyria jacobaeae,Cinnabar,Erebidae,LC,17.0,23.0,37.9,3
Coscinia cribraria,Speckled Footman,Erebidae,CR,15.0,18.0,23.6,11
Coscinia striata,Feathered Footman,Erebidae,LC,15.0,22.0,31.3,0
Utetheisa pulchella,Crimson Speckled,Erebidae,NE,15.0,22.0,31.3,0
Miltochrista miniata,Rosy Footman,Erebidae,VU,12.0,15.0,14.4,11
Nudaria mundana,Muslin Footman,Erebidae,LC,10.0,12.0,8.7,12
Thumatha senex,Round-winged Muslin,Erebidae,LC,10.0,11.0,7.8,10
Cybosia mesomella,Four-dotted Footman,Erebidae,LC,13.0,16.0,17.2,11
Pelosia muscerda,Dotted Footman,Erebidae,NT,13.0,16.0,17.2,11
Pelosia obtusa,Small Dotted Footman,Erebidae,NT,12.0,14.0,13.2,10
Lithosia quadra,Four-spotted Footman,Erebidae,LC,18.0,26.0,47.9,11
Atolmis rubricollis,Red-necked Footman,Erebidae,LC,15.0,18.0,23.6,3
Eilema depressa,Buff Footman,Erebidae,LC,15.0,17.0,21.9,11
Eilema griseola,Dingy Footman,Erebidae,LC,15.0,18.0,23.6,12
Eilema lurideola,Common Footman,Erebidae,LC,14.0,17.0,20.3,12
Eilema complana,Scarce Footman / Northern Footman,Erebidae,LC,15.0,18.0,23.6,12
Eilema caniola,Hoary Footman,Erebidae,NT,15.0,17.0,21.9,10
Eilema pygmaeola,Pigmy Footman,Erebidae,NT,10.0,15.0,11.9,12
Eilema sororcula,Orange Footman,Erebidae,LC,13.0,16.0,17.2,4
Setina irrorella,Dew Moth,Erebidae,LC,11.0,18.0,17.2,11
Paracolax tristalis,Clay Fan-foot,Erebidae,NT,14.0,16.0,18.7,12
Macrochilo cribrumalis,Dotted Fan-foot,Erebidae,LC,13.0,14.0,14.4,12
Herminia tarsipennalis,Fan-foot,Erebidae,LC,13.0,16.0,17.2,10
Herminia tarsicrinalis,Shaded Fan-foot,Erebidae,LC,12.0,14.0,13.2,11
Herminia grisealis,Small Fan-foot,Erebidae,LC,11.0,13.0,10.8,5
Pechipogo strigilata,Common Fan-foot,Erebidae,RE,14.0,16.0,18.7,10
Pechipogo plumigeralis,Plumed Fan-foot,Erebidae,LC,15.0,17.0,21.9,11
Zanclognatha lunalis,Jubilee Fan-foot,Erebidae,LC,14.0,17.0,20.3,0
Zanclognatha zelleralis,Dusky Fan-foot,Erebidae,LC,14.0,17.0,20.3,0
Hypenodes humidalis,Marsh Oblique-barred,Erebidae,LC,6.0,8.0,2.9,0
Schrankia costaestrigalis,Pinion-streaked Snout,Erebidae,LC,9.0,11.0,6.9,0
Schrankia taenialis,White-line Snout,Erebidae,LC,9.0,11.0,6.9,0
Lygephila pastinum,Blackneck,Erebidae,NT,18.0,21.0,35.6,10
Lygephila craccae,Scarce Blackneck,Erebidae,EN,18.0,20.0,33.4,3
Tathorhynchus exsiccata,Levant Blackneck,Erebidae,LC,13.0,18.0,20.3,0
Parascotia fuliginaria,Waved Black,Erebidae,LC,11.0,14.0,11.9,12
Phytometra viridaria,Small Purple-barred,Erebidae,NT,9.0,11.0,6.9,4
Colobochyla salicalis,Lesser Belle,Erebidae,RE,13.0,15.0,15.8,0
Laspeyria flexula,Beautiful Hook-tip,Erebidae,LC,13.0,15.0,15.8,11
Trisateles emortualis,Olive Crescent,Erebidae,LC,14.0,14.0,15.8,4
Eublemma minutata,Scarce Marbled,Erebidae,LC,7.0,8.0,3.4,0
Eublemma ostrina,Purple Marbled,Erebidae,NE,8.0,9.0,4.6,2
Eublemma parva,Small Marbled,Erebidae,NE,7.0,8.0,3.4,2
Eublemma purpurina,Beautiful Marbled,Erebidae,LC,10.0,15.0,11.9,0
Catocala nymphagoga,Oak Yellow Underwing,Erebidae,LC,17.0,21.0,33.4,0
Catocala fraxini,Clifden Nonpareil,Erebidae,LC,41.0,48.0,269.9,4
Catocala conjuncta,Minsmere Crimson Underwing,Erebidae,LC,25.0,29.0,79.1,0
Catocala nupta,Red Underwing,Erebidae,LC,33.0,40.0,165.9,3
Catocala electa,Rosy Underwing,Erebidae,LC,33.0,39.0,160.4,0
Catocala elocata,French Red Underwing,Erebidae,LC,39.0,43.0,220.8,0
Catocala sponsa,Dark Crimson Underwing,Erebidae,NT,29.0,34.0,115.6,3
Catocala promissa,Light Crimson Underwing,Erebidae,NT,26.0,32.0,94.3,3
Euclidia glyphica,Burnet Companion,Erebidae,LC,13.0,15.0,15.8,4
Euclidia mi,Mother Shipton,Erebidae,LC,13.0,16.0,17.2,4
Catephia alchymista,Alchymist,Erebidae,LC,19.0,21.0,37.9,0
Minucia lunaris,Lunar Double-stripe,Erebidae,RE,23.0,26.0,62.4,0
Dysgonia algira,Passenger,Erebidae,LC,17.0,23.0,37.9,0
Grammodes stolida,Geometrician,Erebidae,LC,14.0,16.0,18.7,0
Abrostola tripartita,Spectacle,Noctuidae,LC,15.0,17.0,38.4,3
Abrostola triplasia,Dark Spectacle,Noctuidae,LC,14.0,18.0,38.4,3
Trichoplusia ni,Ni Moth,Noctuidae,NE,15.0,17.0,38.4,0
Thysanoplusia orichalcea,Slender Burnished Brass,Noctuidae,NE,17.0,20.0,49.6,0
Thysanoplusia daubei,Boathouse Gem,Noctuidae,LC,12.0,14.0,26.7,0
Ctenoplusia limbirena,Scar Bank Gem,Noctuidae,LC,15.0,18.0,40.6,0
Ctenoplusia accentifera,Accent Gem,Noctuidae,LC,11.0,14.0,24.9,0
Vittaplusia vittata,Streaked Plusia,Noctuidae,LC,15.0,18.0,40.6,0
Chrysodeixis chalcites,Golden Twin-spot,Noctuidae,LC,15.0,18.0,40.6,1
Chrysodeixis acuta,Tunbridge Wells Gem,Noctuidae,NE,14.0,18.0,38.4,0
Macdunnoughia confusa,Dewick's Plusia,Noctuidae,LC,12.0,17.0,32.3,0
Diachrysia chryson,Scarce Burnished Brass,Noctuidae,LC,20.0,24.0,67.3,12
Diachrysia chrysitis,Burnished Brass,Noctuidae,LC,16.0,19.0,45.0,12
Euchalcia variabilis,Purple-shaded Gem,Noctuidae,LC,17.0,19.0,47.3,0
Polychrysia moneta,Golden Plusia,Noctuidae,EN,17.0,20.0,49.6,12
Autographa gamma,Silver Y,Noctuidae,NE,13.0,21.0,42.7,8
Autographa pulchrina,Beautiful Golden Y,Noctuidae,LC,17.0,20.0,49.6,11
Autographa jota,Plain Golden Y,Noctuidae,LC,17.0,21.0,52.0,12
Autographa bractea,Gold Spangle,Noctuidae,LC,18.0,21.0,54.4,12
Megalographa biloba,Stephens' Gem,Noctuidae,LC,15.0,18.0,40.6,0
Cornutiplusia circumflexa,Essex Y,Noctuidae,LC,16.0,21.0,49.6,0
Syngrapha interrogationis,Scarce Silver Y,Noctuidae,LC,15.0,18.0,40.6,13
Plusia festucae,Gold Spot,Noctuidae,LC,14.0,19.0,40.6,11
Plusia putnami,Lempke's Gold Spot,Noctuidae,LC,14.0,15.0,32.3,10
Deltote pygarga,Marbled White Spot,Noctuidae,LC,11.0,12.0,21.5,3
Deltote deceptoria,Pretty Marbled,Noctuidae,LC,12.0,13.0,24.9,0
Deltote uncula,Silver Hook,Noctuidae,LC,11.0,12.0,21.5,3
Deltote bankiana,Silver Barred,Noctuidae,NT,10.0,12.0,19.9,2
Acontia lucida,Pale Shoulder,Noctuidae,LC,12.0,15.0,28.5,0
Acontia trabealis,Spotted Sulphur,Noctuidae,RE,10.0,11.0,18.3,0
Aedia leucomelas,Sorcerer,Noctuidae,LC,15.0,18.0,40.6,0
Aedia funesta,Druid,Noctuidae,LC,15.0,16.0,36.3,0
Tyta luctuosa,Four-spotted,Noctuidae,NT,12.0,13.0,24.9,6
Colocasia coryli,Nut-tree Tussock,Noctuidae,LC,14.0,17.0,36.3,6
Diloba caeruleocephala,Figure of Eight,Noctuidae,EN,15.0,19.0,42.7,4
Moma alpium,Scarce Merveille du Jour,Noctuidae,LC,17.0,20.0,49.6,3
Simyra albovenosa,Reed Dagger or Powdered Wainscot,Noctuidae,LC,16.0,20.0,47.3,4
Acronicta alni,Alder Moth,Noctuidae,LC,16.0,19.0,45.0,3
Acronicta tridens,Dark Dagger,Noctuidae,LC,17.0,20.0,49.6,4
Acronicta psi,Grey Dagger,Noctuidae,LC,17.0,20.0,49.6,6
Acronicta aceris,Sycamore,Noctuidae,LC,18.0,22.0,56.9,4
Acronicta leporina,Miller,Noctuidae,LC,16.0,21.0,49.6,5
Acronicta strigosa,Marsh Dagger,Noctuidae,RE,13.0,15.0,30.4,0
Acronicta menyanthidis,Light Knot Grass,Noctuidae,VU,16.0,20.0,47.3,4
Acronicta auricoma,Scarce Dagger,Noctuidae,RE,16.0,17.0,40.6,1
Acronicta cinerea,Sweet Gale Moth,Noctuidae,LC,14.0,16.0,34.3,3
Acronicta rumicis,Knot Grass,Noctuidae,LC,16.0,20.0,47.3,5
Subacronicta megacephala,Poplar Grey,Noctuidae,LC,17.0,20.0,49.6,4
Craniophora ligustri,Coronet,Noctuidae,LC,17.0,19.0,47.3,3
Panemeria tenebrata,Small Yellow Underwing,Noctuidae,LC,8.0,10.0,14.0,2
Synthymia fixa,Goldwing,Noctuidae,LC,14.0,18.0,38.4,0
Cucullia absinthii,Wormwood,Noctuidae,RE,16.0,19.0,45.0,3
Cucullia artemisiae,Scarce Wormwood,Noctuidae,LC,16.0,19.0,45.0,0
Cucullia umbratica,Shark,Noctuidae,LC,22.0,26.0,78.4,4
Cucullia calendulae,Marigold Shark,Noctuidae,LC,,,,0
Cucullia chamomillae,Chamomile Shark,Noctuidae,LC,19.0,23.0,62.0,3
Cucullia gnaphalii,Cudweed,Noctuidae,RE,17.0,19.0,47.3,0
Cucullia asteris,Star-wort,Noctuidae,LC,19.0,23.0,62.0,5
Cucullia scrophulariae,Water Betony,Noctuidae,LC,18.0,22.0,56.9,0
Cucullia lychnitis,Striped Lychnis,Noctuidae,LC,18.0,21.0,54.4,3
Cucullia verbasci,Mullein,Noctuidae,RE,19.0,24.0,64.6,3
Calophasia lunula,Toadflax Brocade,Noctuidae,LC,14.0,15.0,32.3,6
Calophasia platyptera,Antirrhinum Brocade,Noctuidae,LC,12.0,15.0,28.5,0
Stilbia anomala,Anomalous,Noctuidae,VU,13.0,17.0,34.3,9
Amphipyra pyramidea,Copper Underwing,Noctuidae,LC,21.0,26.0,75.5,3
Amphipyra berbera,Svensson's Copper Underwing,Noctuidae,LC,21.0,26.0,75.5,2
Amphipyra tragopoginis,Mouse Moth,Noctuidae,VU,16.0,18.0,42.7,3
Asteroscopus sphinx,Sprawler,Noctuidae,VU,17.0,22.0,54.4,3
Brachionycha nubeculosa,Rannoch Sprawler,Noctuidae,LC,20.0,24.0,67.3,3
Meganephria bimaculosa,Double-spot Brocade,Noctuidae,LC,22.0,26.0,78.4,0
Allophyes oxyacanthae,Green-brindled Crescent,Noctuidae,LC,17.0,20.0,49.6,3
Xylocampa areola,Early Grey,Noctuidae,LC,15.0,18.0,40.6,3
Pyrrhia umbra,Bordered Sallow,Noctuidae,LC,16.0,19.0,45.0,2
Protoschinia scutosa,Spotted Clover,Noctuidae,NE,15.0,16.0,36.3,0
Heliothis viriplaca,Marbled Clover,Noctuidae,LC,13.0,15.0,30.4,3
Heliothis maritima,Shoulder-striped Clover,Noctuidae,EN,13.0,17.0,34.3,3
Heliothis peltigera,Bordered Straw,Noctuidae,NE,16.0,19.0,45.0,6
Heliothis nubigera,Eastern Bordered Straw,Noctuidae,NE,16.0,20.0,47.3,0
Helicoverpa armigera,Scarce Bordered Straw,Noctuidae,NE,16.0,19.0,45.0,3
Periphanes delphinii,Pease Blossom,Noctuidae,LC,14.0,15.0,32.3,0
Acosmetia caliginosa,Reddish Buff,Noctuidae,CR,9.0,15.0,23.2,2
Eucarta virgo,Silvery Gem,Noctuidae,LC,13.0,15.0,30.4,0
Callopistria juventina,Latin,Noctuidae,LC,14.0,17.0,36.3,0
Callopistria latreillei,Latreille's Latin,Noctuidae,LC,12.0,14.0,26.7,0
Cryphia algae,Tree-lichen Beauty,Noctuidae,LC,10.0,13.0,21.5,0
Bryophila raptricula,Marbled Grey,Noctuidae,LC,12.0,14.0,26.7,0
Bryophila domestica,Marbled Beauty,Noctuidae,LC,12.0,14.0,26.7,11
Nyctobrya muralis,Marbled Green,Noctuidae,LC,12.0,15.0,28.5,10
Pseudeustrotia candidula,Shining Marbled,Noctuidae,LC,10.0,13.0,21.5,0
Spodoptera exigua,Small Mottled Willow,Noctuidae,NE,13.0,14.0,28.5,0
Spodoptera cilium,Dark Mottled Willow,Noctuidae,NE,13.0,13.0,26.7,0
Spodoptera littoralis,Mediterranean Brocade,Noctuidae,LC,14.0,19.0,40.6,0
Galgula partita,Wedgeling,Noctuidae,LC,10.0,13.0,21.5,0
Elaphria venustula,Rosy Marbled,Noctuidae,LC,10.0,11.0,18.3,4
Caradrina morpheus,Mottled Rustic,Noctuidae,LC,13.0,16.0,32.3,6
Caradrina kadenii,Clancy's Rustic,Noctuidae,LC,13.0,15.0,30.4,0
Caradrina flavirena,Lorimer's Rustic,Noctuidae,LC,13.0,15.0,30.4,0
Caradrina clavipalpis,Pale Mottled Willow,Noctuidae,LC,12.0,15.0,28.5,8
Hoplodrina octogenaria,Uncertain,Noctuidae,LC,14.0,16.0,34.3,9
Hoplodrina blanda,Rustic,Noctuidae,LC,13.0,16.0,32.3,9
Hoplodrina superstes,Powdered Rustic,Noctuidae,LC,13.0,15.0,30.4,0
Hoplodrina ambigua,Vine's Rustic,Noctuidae,LC,13.0,15.0,30.4,12
Chilodes maritima,Silky Wainscot,Noctuidae,LC,13.0,15.0,30.4,11
Charanyca trigrammica,Treble Lines,Noctuidae,LC,15.0,17.0,38.4,11
Rusina ferruginea,Brown Rustic,Noctuidae,LC,14.0,18.0,38.4,10
Athetis pallustris,Marsh Moth,Noctuidae,EN,9.0,16.0,24.9,11
Athetis hospes,Porter's Rustic,Noctuidae,LC,11.0,13.0,23.2,0
Dypterygia scabriuscula,Bird's Wing,Noctuidae,LC,16.0,16.0,38.4,2
Trachea atriplicis,Orache Moth,Noctuidae,RE,20.0,22.0,62.0,2
Mormo maura,Old Lady,Noctuidae,LC,30.0,36.0,137.2,11
Polyphaenis sericata,Guernsey Underwing,Noctuidae,LC,17.0,20.0,49.6,8
Thalpophila matura,Straw Underwing,Noctuidae,LC,17.0,20.0,49.6,10
Hyppa rectilinea,Saxon,Noctuidae,VU,16.0,19.0,45.0,10
Actinotia polyodon,Purple Cloud,Noctuidae,LC,13.0,15.0,30.4,0
Chloantha hyperici,Pale-shouldered Cloud,Noctuidae,LC,12.0,16.0,30.4,0
Phlogophora meticulosa,Angle Shades,Noctuidae,LC,21.0,25.0,72.7,12
Euplexia lucipara,Small Angle Shades,Noctuidae,LC,14.0,17.0,36.3,3
Pseudenargia ulicis,Berber,Noctuidae,LC,17.0,19.0,47.3,0
Calamia tridens,Burren Green,Noctuidae,NT,17.0,18.0,45.0,3
Crypsedra gemmea,Cameo,Noctuidae,LC,17.0,20.0,49.6,0
Celaena haworthii,Haworth's Minor,Noctuidae,LC,10.0,14.0,23.2,4
Helotropha leucostigma,Crescent,Noctuidae,LC,14.0,17.0,36.3,5
Eremobia ochroleuca,Dusky Sallow,Noctuidae,LC,14.0,16.0,34.3,5
Gortyna flavago,Frosted Orange,Noctuidae,LC,16.0,19.0,45.0,5
Gortyna borelii,Fisher's Estuarine Moth,Noctuidae,NT,21.0,24.0,70.0,4
Hydraecia micacea,Rosy Rustic,Noctuidae,LC,14.0,21.0,45.0,5
Hydraecia petasitis,Butterbur,Noctuidae,LC,19.0,23.0,62.0,4
Hydraecia osseola,Marsh Mallow Moth ,Noctuidae,EN,18.0,20.0,52.0,4
Amphipoea fucosa,Saltern Ear,Noctuidae,LC,14.0,16.0,34.3,3
Amphipoea lucens,Large Ear,Noctuidae,LC,14.0,17.0,36.3,3
Amphipoea oculea,Ear Moth,Noctuidae,LC,12.0,15.0,28.5,3
Amphipoea crinanensis,Crinan Ear,Noctuidae,LC,13.0,15.0,30.4,3
Luperina dumerilii,Dumeril's Rustic,Noctuidae,LC,11.0,16.0,28.5,0
Luperina testacea,Flounced Rustic,Noctuidae,LC,14.0,18.0,38.4,10
Luperina nickerlii,Sandhill Rustic,Noctuidae,EN,15.0,18.0,40.6,11
Fabula zollikoferi,Scarce Arches,Noctuidae,LC,18.0,25.0,64.6,0
Rhizedra lutosa,Large Wainscot,Noctuidae,LC,16.0,23.0,54.4,4
Sedina buettneri,Blair's Wainscot,Noctuidae,EN,12.0,14.0,26.7,5
Nonagria typhae,Bulrush Wainscot,Noctuidae,LC,20.0,24.0,67.3,5
Arenostola phragmitidis,Fen Wainscot,Noctuidae,LC,14.0,16.0,34.3,3
Longalatedes elymi,Lyme Grass,Noctuidae,LC,15.0,18.0,40.6,11
Lenisa geminipuncta,Twin-spotted Wainscot,Noctuidae,VU,11.0,16.0,28.5,3
Archanara neurica,White-mantled Wainscot,Noctuidae,NT,12.0,13.0,24.9,3
Archanara dissoluta,Brown-veined Wainscot,Noctuidae,LC,12.0,15.0,28.5,4
Coenobia rufa,Small Rufous,Noctuidae,LC,10.0,12.0,19.9,11
Oria musculosa,Brighton Wainscot,Noctuidae,CR (PE),12.0,16.0,30.4,0
Denticucullus pygmina,Small Wainscot,Noctuidae,LC,10.0,14.0,23.2,9
Photedes fluxa,Mere Wainscot,Noctuidae,LC,12.0,15.0,28.5,11
Photedes captiuncula,Least Minor,Noctuidae,EN,7.0,9.0,11.4,11
Photedes minima,Small Dotted Buff,Noctuidae,LC,11.0,14.0,24.9,12
Photedes morrisii,Morris's Wainscot / Bond's Wainscot,Noctuidae,VU,12.0,14.0,26.7,10
Photedes extrema,Concolorous,Noctuidae,LC,11.0,13.0,23.2,12
Protarchanara brevilinea,Fenn's Wainscot,Noctuidae,NT,14.0,17.0,36.3,3
Globia sparganii,Webb's Wainscot,Noctuidae,VU,15.0,18.0,40.6,4
Globia algae,Rush Wainscot,Noctuidae,LC,14.0,18.0,38.4,4
Pabulatrix pabulatricula,Union Rustic,Noctuidae,RE,14.0,17.0,36.3,1
Apamea remissa,Dusky Brocade,Noctuidae,LC,17.0,19.0,47.3,9
Apamea epomidion,Clouded Brindle,Noctuidae,LC,17.0,20.0,49.6,8
Apamea crenata,Clouded-bordered Brindle,Noctuidae,LC,18.0,22.0,56.9,9
Apamea anceps,Large Nutmeg,Noctuidae,NT,16.0,21.0,49.6,9
Apamea sordens,Rustic Shoulder-knot,Noctuidae,LC,16.0,19.0,45.0,8
Apamea unanimis,Small Clouded Brindle,Noctuidae,LC,15.0,17.0,38.4,4
Apamea scolopacina,Slender Brindle,Noctuidae,LC,14.0,17.0,36.3,11
Apamea oblonga,Crescent Striped,Noctuidae,EN,18.0,21.0,54.4,10
Apamea monoglypha,Dark Arches,Noctuidae,LC,19.0,26.0,70.0,12
Apamea lithoxylaea,Light Arches,Noctuidae,LC,18.0,23.0,59.4,12
Apamea sublustris,Reddish Light Arches,Noctuidae,NT,18.0,21.0,54.4,0
Apamea furva,Confused,Noctuidae,LC,16.0,19.0,45.0,11
Apamea lateritia,Scarce Brindle,Noctuidae,LC,19.0,24.0,64.6,0
Apamea exulis,Northern Arches / Exile,Noctuidae,LC,17.0,20.0,54.4,11
Lateroligia ophiogramma,Double Lobed,Noctuidae,LC,13.0,16.0,32.3,12
Mesapamea secalis,Common Rustic,Noctuidae,LC,12.0,16.0,30.4,12
Mesapamea didyma,Lesser Common Rustic,Noctuidae,LC,11.0,16.0,28.5,9
Litoligia literosa,Rosy Minor,Noctuidae,NT,10.0,13.0,21.5,11
Mesoligia furuncula,Cloaked Minor,Noctuidae,LC,10.0,12.0,19.9,11
Oligia strigilis,Marbled Minor,Noctuidae,LC,11.0,13.0,23.2,11
Oligia latruncula,Tawny Marbled Minor,Noctuidae,LC,11.0,13.0,23.2,10
Oligia versicolor,Rufous Minor,Noctuidae,LC,11.0,12.0,21.5,10
Oligia fasciuncula,Middle-barred Minor,Noctuidae,LC,10.0,12.0,19.9,10
Sesamia nonagrioides,Maize Wainscot,Noctuidae,LC,13.0,19.0,38.4,0
Leucochlaena oditis,Beautiful Gothic,Noctuidae,LC,14.0,16.0,34.3,6
Tiliacea citrago,Orange Sallow,Noctuidae,LC,15.0,17.0,38.4,4
Tiliacea aurago,Barred Sallow,Noctuidae,LC,14.0,16.0,34.3,3
Xanthia togata,Pink-barred Sallow,Noctuidae,LC,13.0,16.0,32.3,4
Cirrhia icteritia,Sallow,Noctuidae,NT,14.0,17.0,36.3,4
Cirrhia gilvago,Dusky-lemon Sallow,Noctuidae,NT,15.0,18.0,40.6,3
Cirrhia ocellaris,Pale-lemon Sallow,Noctuidae,LC,18.0,19.0,49.6,3
Mesogona acetosellae,Pale Stigma,Noctuidae,LC,19.0,21.0,56.9,0
Agrochola lychnidis,Beaded Chestnut,Noctuidae,NT,15.0,18.0,40.6,4
Agrochola litura,Brown-spot Pinion,Noctuidae,LC,14.0,17.0,36.3,3
Agrochola helvola,Flounced Chestnut,Noctuidae,NT,16.0,18.0,42.7,3
Agrochola lota,Red-line Quaker,Noctuidae,LC,15.0,18.0,40.6,3
Agrochola macilenta,Yellow-line Quaker,Noctuidae,LC,14.0,16.0,34.3,3
Agrochola haematidea,Southern Chestnut,Noctuidae,LC,14.0,15.0,32.3,4
Agrochola circellaris,Brick,Noctuidae,LC,14.0,19.0,40.6,3
Omphaloscelis lunosa,Lunar Underwing,Noctuidae,LC,14.0,17.0,36.3,8
Conistra vaccinii,Chestnut,Noctuidae,LC,14.0,15.0,32.3,3
Conistra ligula,Dark Chestnut,Noctuidae,LC,13.0,15.0,30.4,3
Conistra rubiginosa,Black-spotted Chestnut,Noctuidae,LC,15.0,17.0,38.4,0
Conistra rubiginea,Dotted Chestnut,Noctuidae,LC,15.0,17.0,38.4,3
Conistra erythrocephala,Red-headed Chestnut,Noctuidae,RE,16.0,18.0,42.7,0
Jodia croceago,Orange Upperwing,Noctuidae,CR (PE),14.0,17.0,36.3,0
Lithophane semibrunnea,Tawny Pinion,Noctuidae,LC,16.0,20.0,47.3,3
Lithophane socia,Pale Pinion,Noctuidae,LC,17.0,20.0,49.6,3
Lithophane ornitopus,Grey Shoulder-knot,Noctuidae,LC,17.0,19.0,47.3,3
Lithophane furcifera,Conformist,Noctuidae,RE,17.0,20.0,49.6,0
Lithophane consocia,Softly's Shoulder-knot,Noctuidae,LC,18.0,20.0,52.0,0
Lithophane lamda,Nonconformist,Noctuidae,LC,17.0,20.0,49.6,0
Lithophane leautieri,Blair's Shoulder-knot,Noctuidae,LC,17.0,20.0,49.6,5
Xylena solidaginis,Golden-rod Brindle,Noctuidae,LC,18.0,21.0,54.4,4
Xylena exsoleta,Sword-grass,Noctuidae,RE,24.0,29.0,93.3,3
Xylena vetusta,Red Sword-grass,Noctuidae,LC,24.0,29.0,93.3,3
Eupsilia transversa,Satellite,Noctuidae,LC,17.0,20.0,49.6,4
Enargia paleacea,Angle-striped Sallow,Noctuidae,LC,17.0,20.0,49.6,3
Ipimorpha retusa,Double Kidney,Noctuidae,LC,13.0,15.0,30.4,2
Ipimorpha subtusa,Olive,Noctuidae,LC,14.0,16.0,34.3,2
Cosmia diffinis,White-spotted Pinion,Noctuidae,LC,14.0,16.0,34.3,3
Cosmia affinis,Lesser-spotted Pinion,Noctuidae,LC,12.0,16.0,30.4,3
Cosmia trapezina,Dun-bar,Noctuidae,LC,13.0,16.0,32.3,3
Cosmia pyralina,Lunar-spotted Pinion,Noctuidae,LC,13.0,16.0,32.3,3
Dicycla oo,Heart Moth,Noctuidae,NT,15.0,17.0,38.4,4
Atethmia centrago,Centre-barred Sallow,Noctuidae,LC,15.0,18.0,40.6,3
Brachylomia viminalis,Minor Shoulder-knot,Noctuidae,VU,13.0,15.0,30.4,4
Parastichtis suspecta,Suspected,Noctuidae,RE,14.0,16.0,34.3,3
Apterogenum ypsillon,Dingy Shears,Noctuidae,LC,15.0,19.0,42.7,4
Dryobota labecula,Oak Rustic,Noctuidae,LC,12.0,15.0,28.5,6
Griposia aprilina,Merveille du Jour,Noctuidae,LC,18.0,23.0,59.4,4
Dryobotodes eremita,Brindled Green,Noctuidae,LC,15.0,17.0,38.4,5
Dryobotodes roboris,Southern Brindled Green,Noctuidae,LC,12.0,14.0,26.7,0
Dichonioxa tenebrosa,Sombre Brocade,Noctuidae,LC,15.0,17.0,38.4,0
Antitype chi,Grey Chi,Noctuidae,NT,15.0,19.0,42.7,3
Trigonophora flammea,Flame Brocade,Noctuidae,LC,20.0,23.0,64.6,7
Aporophyla australis,Feathered Brindle,Noctuidae,VU,14.0,17.0,36.3,8
Aporophyla lutulenta,Deep-brown Dart,Noctuidae,LC,15.0,18.0,40.6,8
Aporophyla lueneburgensis,Northern Deep-brown Dart,Noctuidae,LC,15.0,17.0,38.4,7
Aporophyla nigra,Black Rustic,Noctuidae,LC,17.0,21.0,52.0,8
Dasypolia templi,Brindled Ochre,Noctuidae,NT,18.0,23.0,59.4,5
Polymixis lichenea,Feathered Ranunculus,Noctuidae,LC,15.0,18.0,40.6,8
Polymixis xanthomista,Black-banded,Noctuidae,VU,16.0,18.0,42.7,5
Polymixis flavicincta,Large Ranunculus,Noctuidae,LC,17.0,22.0,54.4,4
Mniotype adusta,Dark Brocade,Noctuidae,LC,18.0,21.0,54.4,4
Mniotype solieri,Bedrule Brocade,Noctuidae,LC,16.0,19.0,45.0,0
Mniotype satura,Beautiful Arches,Noctuidae,LC,19.0,23.0,62.0,0
Panolis flammea,Pine Beauty,Noctuidae,LC,15.0,16.0,36.3,3
Orthosia incerta,Clouded Drab,Noctuidae,LC,16.0,20.0,47.3,3
Orthosia miniosa,Blossom Underwing,Noctuidae,RE,15.0,17.0,38.4,3
Orthosia cerasi,Common Quaker,Noctuidae,LC,13.0,17.0,34.3,3
Orthosia cruda,Small Quaker,Noctuidae,LC,12.0,15.0,28.5,3
Orthosia populeti,Lead-coloured Drab,Noctuidae,VU,15.0,17.0,38.4,3
Orthosia gracilis,Powdered Quaker,Noctuidae,LC,15.0,19.0,42.7,3
Orthosia opima,Northern Drab,Noctuidae,VU,15.0,17.0,38.4,3
Orthosia gothica,Hebrew Character,Noctuidae,LC,15.0,17.0,38.4,4
Anorthoa munda,Twin-spotted Quaker,Noctuidae,LC,17.0,20.0,49.6,3
Egira conspicillaris,Silver Cloud,Noctuidae,LC,16.0,18.0,42.7,3
Tholera cespitis,Hedge Rustic,Noctuidae,VU,15.0,19.0,42.7,5
Tholera decimalis,Feathered Gothic,Noctuidae,CR,16.0,22.0,52.0,7
Cerapteryx graminis,Antler Moth,Noctuidae,LC,12.0,17.0,32.3,7
Anarta trifolii,Nutmeg,Noctuidae,LC,14.0,18.0,38.4,5
Anarta melanopa,Broad-bordered White Underwing,Noctuidae,LC,11.0,13.0,23.2,2
Anarta myrtilli,Beautiful Yellow Underwing,Noctuidae,LC,10.0,12.0,19.9,4
Coranarta cordigera,Small Dark Yellow Underwing,Noctuidae,LC,10.0,12.0,19.9,3
Polia bombycina,Pale Shining Brown,Noctuidae,RE,19.0,23.0,62.0,12
Polia hepatica,Silvery Arches,Noctuidae,LC,21.0,25.0,72.7,11
Polia nebulosa,Grey Arches,Noctuidae,LC,21.0,26.0,75.5,10
Pachetra sagittigera,Feathered Ear,Noctuidae,RE,17.0,20.0,49.6,0
Lacanobia w-latinum,Light Brocade,Noctuidae,LC,18.0,21.0,54.4,3
Lacanobia thalassina,Pale-shouldered Brocade,Noctuidae,LC,16.0,20.0,47.3,4
Lacanobia contigua,Beautiful Brocade,Noctuidae,LC,16.0,19.0,45.0,3
Lacanobia suasa,Dog's Tooth,Noctuidae,NT,15.0,20.0,45.0,6
Lacanobia oleracea,Bright-line Brown-eye,Noctuidae,LC,14.0,19.0,40.6,5
Lacanobia splendens,Splendid Brocade,Noctuidae,LC,16.0,18.0,42.7,0
Lacanobia blenna,Stranger,Noctuidae,LC,15.0,17.0,38.4,0
Melanchra persicariae,Dot Moth,Noctuidae,LC,16.0,21.0,49.6,4
Ceramica pisi,Broom Moth,Noctuidae,VU,16.0,20.0,47.3,4
Papestra biren,Glaucous Shears,Noctuidae,LC,15.0,18.0,40.6,3
Hada plebeja,Shears,Noctuidae,LC,14.0,17.0,36.3,2
Mamestra brassicae,Cabbage Moth,Noctuidae,LC,14.0,22.0,47.3,13
Sideridis turbida,White Colon,Noctuidae,LC,17.0,20.0,49.6,2
Sideridis rivularis,Campion,Noctuidae,LC,14.0,16.0,34.3,5
Sideridis reticulata,Bordered Gothic,Noctuidae,LC,17.0,19.0,47.3,4
Conisania andalusica,Barrett's Marbled Coronet,Noctuidae,LC,15.0,19.0,42.7,3
Hecatera bicolorata,Broad-barred White,Noctuidae,NT,13.0,15.0,30.4,4
Hecatera dysodea,Small Ranunculus,Noctuidae,LC,14.0,15.0,32.3,3
Hadena bicruris,Lychnis,Noctuidae,LC,14.0,17.0,36.3,4
Hadena compta,Varied Coronet,Noctuidae,LC,13.0,15.0,30.4,3
Hadena confusa,Marbled Coronet,Noctuidae,LC,14.0,16.0,34.3,2
Hadena albimacula,White Spot,Noctuidae,NT,15.0,17.0,38.4,3
Hadena caesia,Grey,Noctuidae,EN,15.0,17.0,38.4,5
Hadena perplexa,Tawny Shears / Pod Lover,Noctuidae,LC,13.0,15.0,30.4,5
Hadena irregularis,Viper's Bugloss,Noctuidae,RE,14.0,15.0,32.3,0
Mythimna turca,Double Line,Noctuidae,LC,18.0,23.0,59.4,10
Mythimna pudorina,Striped Wainscot,Noctuidae,LC,16.0,19.0,45.0,10
Mythimna conigera,Brown-line Bright-eye,Noctuidae,LC,15.0,17.0,38.4,11
Mythimna pallens,Common Wainscot,Noctuidae,LC,14.0,17.0,36.3,13
Mythimna favicolor,Mathew's Wainscot,Noctuidae,LC,16.0,18.0,42.7,10
Mythimna impura,Smoky Wainscot,Noctuidae,LC,14.0,18.0,38.4,12
Mythimna straminea,Southern Wainscot,Noctuidae,LC,14.0,18.0,38.4,12
Mythimna vitellina,Delicate,Noctuidae,NE,12.0,14.0,26.7,1
Mythimna unipuncta,White-speck,Noctuidae,LC,18.0,21.0,54.4,0
Mythimna albipuncta,White-point,Noctuidae,LC,14.0,17.0,36.3,1
Mythimna ferrago,Clay,Noctuidae,LC,15.0,18.0,40.6,11
Mythimna litoralis,Shore Wainscot,Noctuidae,LC,15.0,18.0,40.6,11
Mythimna l-album,L-album Wainscot,Noctuidae,LC,15.0,16.0,36.3,11
Leucania comma,Shoulder-striped Wainscot,Noctuidae,LC,16.0,19.0,45.0,9
Leucania obsoleta,Obscure Wainscot,Noctuidae,LC,15.0,18.0,40.6,10
Leucania putrescens,Devonshire Wainscot,Noctuidae,LC,14.0,17.0,36.3,10
Leucania loreyi,Cosmopolitan,Noctuidae,NE,16.0,17.0,40.6,1
Senta flammea,Flame Wainscot,Noctuidae,LC,14.0,18.0,38.4,5
Eriopygodes imbecilla,Silurian,Noctuidae,NT,10.0,13.0,21.5,10
Peridroma saucia,Pearly Underwing,Noctuidae,NE,19.0,23.0,62.0,1
Actebia praecox,Portland Moth,Noctuidae,CR,17.0,21.0,52.0,10
Actebia fennica,Eversmann's Rustic,Noctuidae,LC,16.0,18.0,42.7,0
Dichagyris flammatra,Black Collar,Noctuidae,LC,19.0,21.0,56.9,0
Euxoa cursoria,Coast Dart,Noctuidae,NT,14.0,18.0,38.4,5
Euxoa obelisca,Square-spot Dart,Noctuidae,LC,14.0,18.0,38.4,6
Euxoa tritici,White-line Dart,Noctuidae,VU,13.0,17.0,34.3,6
Euxoa nigricans,Garden Dart,Noctuidae,VU,15.0,18.0,40.6,5
Agrotis bigramma,Great Dart,Noctuidae,NE,16.0,20.0,47.3,1
Agrotis cinerea,Light Feathered Rustic,Noctuidae,CR,13.0,17.0,34.3,9
Agrotis exclamationis,Heart and Dart,Noctuidae,LC,15.0,19.0,42.7,9
Agrotis graslini,Woods's Dart,Noctuidae,LC,15.0,20.0,45.0,0
Agrotis segetum,Turnip Moth,Noctuidae,LC,16.0,21.0,49.6,10
Agrotis clavis,Heart and Club,Noctuidae,NT,14.0,18.0,38.4,10
Agrotis herzogi,Spalding's Dart,Noctuidae,LC,15.0,17.0,38.4,0
Agrotis vestigialis,Archer's Dart,Noctuidae,LC,14.0,18.0,38.4,9
Agrotis ripae,Sand Dart,Noctuidae,LC,14.0,18.0,38.4,11
Agrotis trux,Crescent Dart,Noctuidae,LC,16.0,19.0,45.0,7
Agrotis puta,Shuttle-shaped Dart,Noctuidae,LC,12.0,16.0,30.4,13
Agrotis catalaunensis,Grouville Dart,Noctuidae,LC,15.0,16.0,36.3,0
Agrotis ipsilon,Dark Sword-grass,Noctuidae,NE,15.0,25.0,56.9,0
Axylia putris,Flame,Noctuidae,LC,14.0,16.0,34.3,4
Ochropleura plecta,Flame Shoulder,Noctuidae,LC,12.0,15.0,28.5,5
Ochropleura leucogaster,Radford's Flame Shoulder,Noctuidae,LC,13.0,16.0,32.3,0
Diarsia dahlii,Barred Chestnut,Noctuidae,LC,15.0,18.0,40.6,6
Diarsia brunnea,Purple Clay,Noctuidae,LC,16.0,20.0,47.3,11
Diarsia mendica,Ingrailed Clay,Noctuidae,LC,13.0,17.0,34.3,11
Diarsia rubi,Small Square-spot,Noctuidae,LC,12.0,16.0,30.4,12
Diarsia florida,Fen Square-spot,Noctuidae,DD,15.0,17.0,38.4,0
Cerastis rubricosa,Red Chestnut,Noctuidae,LC,14.0,17.0,36.3,4
Cerastis leucographa,White-marked,Noctuidae,LC,14.0,16.0,34.3,2
Lycophotia porphyrea,True Lover's Knot,Noctuidae,VU,12.0,15.0,28.5,11
Rhyacia simulans,Dotted Rustic,Noctuidae,VU,17.0,21.0,52.0,8
Rhyacia lucipeta,Southern Rustic,Noctuidae,LC,23.0,29.0,90.2,0
Standfussiana lucernea,Northern Rustic,Noctuidae,LC,17.0,21.0,52.0,8
Noctua pronuba,Large Yellow Underwing,Noctuidae,LC,21.0,26.0,75.5,10
Noctua fimbriata,Broad-bordered Yellow Underwing,Noctuidae,LC,22.0,27.0,81.3,8
Noctua orbona,Lunar Yellow Underwing,Noctuidae,LC,17.0,20.0,49.6,8
Noctua comes,Lesser Yellow Underwing,Noctuidae,LC,16.0,21.0,49.6,11
Noctua interjecta,Least Yellow Underwing,Noctuidae,LC,14.0,17.0,36.3,10
Noctua janthina,Langmaid's Yellow Underwing,Noctuidae,LC,16.0,18.0,42.7,0
Noctua janthe,Lesser Broad-bordered Yellow Underwing,Noctuidae,LC,16.0,20.0,47.3,9
Spaelotis ravida,Stout Dart,Noctuidae,CR,18.0,22.0,56.9,7
Eurois occulta,Great Brocade,Noctuidae,LC,24.0,27.0,87.2,10
Graphiphora augur,Double Dart,Noctuidae,NT,18.0,21.0,54.4,11
Anaplectoides prasina,Green Arches,Noctuidae,LC,20.0,25.0,70.0,10
Xestia baja,Dotted Clay,Noctuidae,LC,17.0,21.0,52.0,11
Xestia stigmatica,Square-spotted Clay,Noctuidae,LC,17.0,20.0,49.6,8
Xestia castanea,Neglected Rustic,Noctuidae,LC,16.0,18.0,42.7,9
Xestia agathina,Heath Rustic,Noctuidae,LC,14.0,16.0,34.3,10
Xestia xanthographa,Square-spot Rustic,Noctuidae,LC,14.0,17.0,36.3,9
Xestia sexstrigata,Six-striped Rustic,Noctuidae,LC,15.0,17.0,38.4,8
Xestia c-nigrum,Setaceous Hebrew Character,Noctuidae,LC,14.0,19.0,40.6,12
Xestia ditrapezium,Triple-spotted Clay,Noctuidae,RE,17.0,19.0,47.3,11
Xestia triangulum,Double Square-spot,Noctuidae,LC,17.0,19.0,47.3,10
Xestia ashworthii,Ashworth's Rustic,Noctuidae,LC,16.0,20.0,47.3,12
Xestia alpicola,Northern Dart,Noctuidae,LC,15.0,17.0,38.4,13
Coenophila subrosea,Rosy Marsh Moth,Noctuidae,NT,17.0,22.0,54.4,11
Eugnorisma glareosa,Autumnal Rustic,Noctuidae,NT,15.0,16.0,36.3,8
Eugnorisma depuncta,Plain Clay,Noctuidae,LC,16.0,20.0,47.3,10
Protolampra sobrina,Cousin German,Noctuidae,LC,14.0,17.0,36.3,12
Naenia typica,Gothic,Noctuidae,LC,17.0,22.0,54.4,10
Meganola strigula,Small Black Arches,Nolidae,LC,9.0,11.0,7.5,12
Meganola albula,Kent Black Arches,Nolidae,LC,10.0,11.0,8.8,12
Nola cucullatella,Short-cloaked Moth,Nolidae,LC,8.0,10.0,5.5,11
Nola confusalis,Least Black Arches,Nolidae,LC,9.0,11.0,7.5,3
Nola aerugula,Scarce Black Arches,Nolidae,LC,8.0,9.0,4.6,1
Nola chlamitulalis,Jersey Black Arches,Nolidae,LC,7.0,10.0,4.6,0
Bena bicolorana,Scarce Silver-lines,Nolidae,LC,19.0,23.0,72.9,11
Pseudoips prasinana,Green Silver-lines,Nolidae,LC,16.0,19.0,41.7,3
Nycteola revayana,Oak Nycteoline,Nolidae,LC,11.0,13.0,13.2,3
Nycteola siculana,Banded Nycteoline,Nolidae,LC,,,,0
Nycteola asiatica,Eastern Nycteoline,Nolidae,LC,11.0,13.0,13.2,0
Earias clorana,Cream-bordered Green Pea,Nolidae,RE,10.0,12.0,10.1,3
Earias insulana,Egyptian Bollworm,Nolidae,LC,10.0,12.0,10.1,0
